Workbook

Sheet Notas Principales
F2: HT Ingeniero (29/07/2025) | G2: HT Ingeniero (1/08/2025) | H2: HT Ingeniero (13/08/2025) | I2: HT Ingeniero (29/08/2025) | J2: Geometria y ecuaciones (12/08/2025) | K2: Evaluar Funciones (19/08/2025) | L2: Dominio Funciones (28/08/2025) | M2: Investigacion T. Polinomios (2/09/2025) | N2: Graficas (2/09/2025) | O2: Representación Polinomios (11/09/2025) | P2: Division de Polinomios (23/09/2025) | Q2: Funciones Racionales, Asintotas (9/10/2025) | R2: Funciones Exp, N, Log (16/10/2025) | S2: Proyecto Final (23/10/2025) | T2: NOTAS FINALES
E3: Puntaje asignado por actividad | F3: 0.5 | G3: 0.5 | H3: 0.5 | I3: 0.5 | J3: 1 | K3: 1 | L3: 1 | M3: 1.5 | N3: 2 | O3: 2 | P3: 2 | Q3: 1 | R3: 1.5 | S3: 5 | T3: =SUM(F3:S3) -> 20
C4: No. | D4: Registro | E4: Nombres | F4: HT1 | G4: HT2 | H4: HT3 | I4: HT4 | J4: HT1 | K4: HT2 | L4: HT 3 | M4: HT4 | N4: TAREA | O4: HT5 | P4: HT6 | Q4: HT7 | R4: HT8 | S4: PF | T4: NTF
C5: 1 | D5: 202030174 | E5: Pérez Aráuz Bily Bilsen Américo | F5: =IF('Porcentaje de Notas'!F5="","",('Porcentaje de Notas'!F5/100)*$F$3) -> 0 | G5: =IF('Porcentaje de Notas'!G5="","",('Porcentaje de Notas'!G5/100)*$G$3) -> 0 | H5: =IF('Porcentaje de Notas'!H5="","",('Porcentaje de Notas'!H5/100)*$H$3) -> 0.25 | I5: =IF('Porcentaje de Notas'!I5="","",('Porcentaje de Notas'!I5/100)*$I$3) -> 0 | J5: =IF('Porcentaje de Notas'!J5="","",('Porcentaje de Notas'!J5/100)*$J$3) -> 0 | K5: =IF('Porcentaje de Notas'!K5="","",('Porcentaje de Notas'!K5/100)*$K$3) -> 0 | L5: =IF('Porcentaje de Notas'!L5="","",('Porcentaje de Notas'!L5/100)*$L$3) -> 0 | M5: =IF('Porcentaje de Notas'!M5="","",('Porcentaje de Notas'!M5/100)*$M$3) -> 1.5 | N5: =IF('Porcentaje de Notas'!N5="","",('Porcentaje de Notas'!N5/100)*$N$3) -> 0 | O5: =IF('Porcentaje de Notas'!O5="","",('Porcentaje de Notas'!O5/100)*$O$3) -> 0 | P5: =IF('Porcentaje de Notas'!P5="","",('Porcentaje de Notas'!P5/100)*$P$3) -> 2 | Q5: =IF('Porcentaje de Notas'!Q5="","",('Porcentaje de Notas'!Q5/100)*$Q$3) -> 0 | R5: =IF('Porcentaje de Notas'!R5="","",('Porcentaje de Notas'!R5/100)*$R$3) -> 0 | S5: =IF('Porcentaje de Notas'!S5="","",('Porcentaje de Notas'!S5/100)*$S$3) -> 0 | T5: =SUM(F5:S5) -> 3.75
C6: 2 | D6: 202032032 | E6: Macario Xicara Daniel Enrique | F6: =IF('Porcentaje de Notas'!F6="","",('Porcentaje de Notas'!F6/100)*$F$3) -> 0.5 | G6: =IF('Porcentaje de Notas'!G6="","",('Porcentaje de Notas'!G6/100)*$G$3) -> 0 | H6: =IF('Porcentaje de Notas'!H6="","",('Porcentaje de Notas'!H6/100)*$H$3) -> 0.25 | I6: =IF('Porcentaje de Notas'!I6="","",('Porcentaje de Notas'!I6/100)*$I$3) -> 0.5 | J6: =IF('Porcentaje de Notas'!J6="","",('Porcentaje de Notas'!J6/100)*$J$3) -> 1 | K6: =IF('Porcentaje de Notas'!K6="","",('Porcentaje de Notas'!K6/100)*$K$3) -> 1 | L6: =IF('Porcentaje de Notas'!L6="","",('Porcentaje de Notas'!L6/100)*$L$3) -> 1 | M6: =IF('Porcentaje de Notas'!M6="","",('Porcentaje de Notas'!M6/100)*$M$3) -> 1.5 | N6: =IF('Porcentaje de Notas'!N6="","",('Porcentaje de Notas'!N6/100)*$N$3) -> 1.6 | O6: =IF('Porcentaje de Notas'!O6="","",('Porcentaje de Notas'!O6/100)*$O$3) -> 2 | P6: =IF('Porcentaje de Notas'!P6="","",('Porcentaje de Notas'!P6/100)*$P$3) -> 2 | Q6: =IF('Porcentaje de Notas'!Q6="","",('Porcentaje de Notas'!Q6/100)*$Q$3) -> 1 | R6: =IF('Porcentaje de Notas'!R6="","",('Porcentaje de Notas'!R6/100)*$R$3) -> 1.5 | S6: =IF('Porcentaje de Notas'!S6="","",('Porcentaje de Notas'!S6/100)*$S$3) -> 5 | T6: =SUM(F6:S6) -> 18.85
C7: 3 | D7: 202231116 | E7: Gomez Miranda Ronald Eliu | F7: =IF('Porcentaje de Notas'!F7="","",('Porcentaje de Notas'!F7/100)*$F$3) -> 0.5 | G7: =IF('Porcentaje de Notas'!G7="","",('Porcentaje de Notas'!G7/100)*$G$3) -> 0 | H7: =IF('Porcentaje de Notas'!H7="","",('Porcentaje de Notas'!H7/100)*$H$3) -> 0.5 | I7: =IF('Porcentaje de Notas'!I7="","",('Porcentaje de Notas'!I7/100)*$I$3) -> 0 | J7: =IF('Porcentaje de Notas'!J7="","",('Porcentaje de Notas'!J7/100)*$J$3) -> 0.85 | K7: =IF('Porcentaje de Notas'!K7="","",('Porcentaje de Notas'!K7/100)*$K$3) -> 1 | L7: =IF('Porcentaje de Notas'!L7="","",('Porcentaje de Notas'!L7/100)*$L$3) -> 1 | M7: =IF('Porcentaje de Notas'!M7="","",('Porcentaje de Notas'!M7/100)*$M$3) -> 1.5 | N7: =IF('Porcentaje de Notas'!N7="","",('Porcentaje de Notas'!N7/100)*$N$3) -> 1.4 | O7: =IF('Porcentaje de Notas'!O7="","",('Porcentaje de Notas'!O7/100)*$O$3) -> 0 | P7: =IF('Porcentaje de Notas'!P7="","",('Porcentaje de Notas'!P7/100)*$P$3) -> 1.7 | Q7: =IF('Porcentaje de Notas'!Q7="","",('Porcentaje de Notas'!Q7/100)*$Q$3) -> 0.8 | R7: =IF('Porcentaje de Notas'!R7="","",('Porcentaje de Notas'!R7/100)*$R$3) -> 0 | S7: =IF('Porcentaje de Notas'!S7="","",('Porcentaje de Notas'!S7/100)*$S$3) -> 5 | T7: =SUM(F7:S7) -> 14.25
C8: 4 | D8: 202330276 | E8: Sum Agustin Cristian Yair | F8: =IF('Porcentaje de Notas'!F8="","",('Porcentaje de Notas'!F8/100)*$F$3) -> 0 | G8: =IF('Porcentaje de Notas'!G8="","",('Porcentaje de Notas'!G8/100)*$G$3) -> 0 | H8: =IF('Porcentaje de Notas'!H8="","",('Porcentaje de Notas'!H8/100)*$H$3) -> 0 | I8: =IF('Porcentaje de Notas'!I8="","",('Porcentaje de Notas'!I8/100)*$I$3) -> 0 | J8: =IF('Porcentaje de Notas'!J8="","",('Porcentaje de Notas'!J8/100)*$J$3) -> 0 | K8: =IF('Porcentaje de Notas'!K8="","",('Porcentaje de Notas'!K8/100)*$K$3) -> 0 | L8: =IF('Porcentaje de Notas'!L8="","",('Porcentaje de Notas'!L8/100)*$L$3) -> 0 | M8: =IF('Porcentaje de Notas'!M8="","",('Porcentaje de Notas'!M8/100)*$M$3) -> 0 | N8: =IF('Porcentaje de Notas'!N8="","",('Porcentaje de Notas'!N8/100)*$N$3) -> 0 | O8: =IF('Porcentaje de Notas'!O8="","",('Porcentaje de Notas'!O8/100)*$O$3) -> 0 | P8: =IF('Porcentaje de Notas'!P8="","",('Porcentaje de Notas'!P8/100)*$P$3) -> 0 | Q8: =IF('Porcentaje de Notas'!Q8="","",('Porcentaje de Notas'!Q8/100)*$Q$3) -> 0 | R8: =IF('Porcentaje de Notas'!R8="","",('Porcentaje de Notas'!R8/100)*$R$3) -> 0 | S8: =IF('Porcentaje de Notas'!S8="","",('Porcentaje de Notas'!S8/100)*$S$3) -> 0 | T8: =SUM(F8:S8) -> 0
C9: 5 | D9: 202331587 | E9: Norato Batz Gabriel Alexander | F9: =IF('Porcentaje de Notas'!F9="","",('Porcentaje de Notas'!F9/100)*$F$3) -> 0 | G9: =IF('Porcentaje de Notas'!G9="","",('Porcentaje de Notas'!G9/100)*$G$3) -> 0 | H9: =IF('Porcentaje de Notas'!H9="","",('Porcentaje de Notas'!H9/100)*$H$3) -> 0.5 | I9: =IF('Porcentaje de Notas'!I9="","",('Porcentaje de Notas'!I9/100)*$I$3) -> 0.45 | J9: =IF('Porcentaje de Notas'!J9="","",('Porcentaje de Notas'!J9/100)*$J$3) -> 0 | K9: =IF('Porcentaje de Notas'!K9="","",('Porcentaje de Notas'!K9/100)*$K$3) -> 0.5 | L9: =IF('Porcentaje de Notas'!L9="","",('Porcentaje de Notas'!L9/100)*$L$3) -> 0.9 | M9: =IF('Porcentaje de Notas'!M9="","",('Porcentaje de Notas'!M9/100)*$M$3) -> 1.2 | N9: =IF('Porcentaje de Notas'!N9="","",('Porcentaje de Notas'!N9/100)*$N$3) -> 1.5 | O9: =IF('Porcentaje de Notas'!O9="","",('Porcentaje de Notas'!O9/100)*$O$3) -> 1.7 | P9: =IF('Porcentaje de Notas'!P9="","",('Porcentaje de Notas'!P9/100)*$P$3) -> 0 | Q9: =IF('Porcentaje de Notas'!Q9="","",('Porcentaje de Notas'!Q9/100)*$Q$3) -> 1 | R9: =IF('Porcentaje de Notas'!R9="","",('Porcentaje de Notas'!R9/100)*$R$3) -> 1.5 | S9: =IF('Porcentaje de Notas'!S9="","",('Porcentaje de Notas'!S9/100)*$S$3) -> 5 | T9: =SUM(F9:S9) -> 14.25
C10: 6 | D10: 202332049 | E10: Orozco Bautista Cristian Emanuel | F10: =IF('Porcentaje de Notas'!F10="","",('Porcentaje de Notas'!F10/100)*$F$3) -> 0 | G10: =IF('Porcentaje de Notas'!G10="","",('Porcentaje de Notas'!G10/100)*$G$3) -> 0 | H10: =IF('Porcentaje de Notas'!H10="","",('Porcentaje de Notas'!H10/100)*$H$3) -> 0 | I10: =IF('Porcentaje de Notas'!I10="","",('Porcentaje de Notas'!I10/100)*$I$3) -> 0 | J10: =IF('Porcentaje de Notas'!J10="","",('Porcentaje de Notas'!J10/100)*$J$3) -> 0 | K10: =IF('Porcentaje de Notas'!K10="","",('Porcentaje de Notas'!K10/100)*$K$3) -> 0 | L10: =IF('Porcentaje de Notas'!L10="","",('Porcentaje de Notas'!L10/100)*$L$3) -> 0 | M10: =IF('Porcentaje de Notas'!M10="","",('Porcentaje de Notas'!M10/100)*$M$3) -> 0 | N10: =IF('Porcentaje de Notas'!N10="","",('Porcentaje de Notas'!N10/100)*$N$3) -> 0 | O10: =IF('Porcentaje de Notas'!O10="","",('Porcentaje de Notas'!O10/100)*$O$3) -> 0 | P10: =IF('Porcentaje de Notas'!P10="","",('Porcentaje de Notas'!P10/100)*$P$3) -> 0 | Q10: =IF('Porcentaje de Notas'!Q10="","",('Porcentaje de Notas'!Q10/100)*$Q$3) -> 0 | R10: =IF('Porcentaje de Notas'!R10="","",('Porcentaje de Notas'!R10/100)*$R$3) -> 0 | S10: =IF('Porcentaje de Notas'!S10="","",('Porcentaje de Notas'!S10/100)*$S$3) -> 0 | T10: =SUM(F10:S10) -> 0
C11: 7 | D11: 202402553 | E11: Juárez Pinzón Yheshua Hermany | F11: =IF('Porcentaje de Notas'!F11="","",('Porcentaje de Notas'!F11/100)*$F$3) -> 0.5 | G11: =IF('Porcentaje de Notas'!G11="","",('Porcentaje de Notas'!G11/100)*$G$3) -> 0 | H11: =IF('Porcentaje de Notas'!H11="","",('Porcentaje de Notas'!H11/100)*$H$3) -> 0.5 | I11: =IF('Porcentaje de Notas'!I11="","",('Porcentaje de Notas'!I11/100)*$I$3) -> 0.45 | J11: =IF('Porcentaje de Notas'!J11="","",('Porcentaje de Notas'!J11/100)*$J$3) -> 0.6 | K11: =IF('Porcentaje de Notas'!K11="","",('Porcentaje de Notas'!K11/100)*$K$3) -> 0 | L11: =IF('Porcentaje de Notas'!L11="","",('Porcentaje de Notas'!L11/100)*$L$3) -> 1 | M11: =IF('Porcentaje de Notas'!M11="","",('Porcentaje de Notas'!M11/100)*$M$3) -> 1.5 | N11: =IF('Porcentaje de Notas'!N11="","",('Porcentaje de Notas'!N11/100)*$N$3) -> 1 | O11: =IF('Porcentaje de Notas'!O11="","",('Porcentaje de Notas'!O11/100)*$O$3) -> 0 | P11: =IF('Porcentaje de Notas'!P11="","",('Porcentaje de Notas'!P11/100)*$P$3) -> 1.3 | Q11: =IF('Porcentaje de Notas'!Q11="","",('Porcentaje de Notas'!Q11/100)*$Q$3) -> 0.8 | R11: =IF('Porcentaje de Notas'!R11="","",('Porcentaje de Notas'!R11/100)*$R$3) -> 1.5 | S11: =IF('Porcentaje de Notas'!S11="","",('Porcentaje de Notas'!S11/100)*$S$3) -> 0 | T11: =SUM(F11:S11) -> 9.15
C12: 8 | D12: 202430271 | E12: Poncio Chávez Kevin José Moisés | F12: =IF('Porcentaje de Notas'!F12="","",('Porcentaje de Notas'!F12/100)*$F$3) -> 0 | G12: =IF('Porcentaje de Notas'!G12="","",('Porcentaje de Notas'!G12/100)*$G$3) -> 0.5 | H12: =IF('Porcentaje de Notas'!H12="","",('Porcentaje de Notas'!H12/100)*$H$3) -> 0 | I12: =IF('Porcentaje de Notas'!I12="","",('Porcentaje de Notas'!I12/100)*$I$3) -> 0 | J12: =IF('Porcentaje de Notas'!J12="","",('Porcentaje de Notas'!J12/100)*$J$3) -> 1 | K12: =IF('Porcentaje de Notas'!K12="","",('Porcentaje de Notas'!K12/100)*$K$3) -> 1 | L12: =IF('Porcentaje de Notas'!L12="","",('Porcentaje de Notas'!L12/100)*$L$3) -> 0 | M12: =IF('Porcentaje de Notas'!M12="","",('Porcentaje de Notas'!M12/100)*$M$3) -> 0 | N12: =IF('Porcentaje de Notas'!N12="","",('Porcentaje de Notas'!N12/100)*$N$3) -> 0 | O12: =IF('Porcentaje de Notas'!O12="","",('Porcentaje de Notas'!O12/100)*$O$3) -> 0 | P12: =IF('Porcentaje de Notas'!P12="","",('Porcentaje de Notas'!P12/100)*$P$3) -> 1.4 | Q12: =IF('Porcentaje de Notas'!Q12="","",('Porcentaje de Notas'!Q12/100)*$Q$3) -> 0.8 | R12: =IF('Porcentaje de Notas'!R12="","",('Porcentaje de Notas'!R12/100)*$R$3) -> 0 | S12: =IF('Porcentaje de Notas'!S12="","",('Porcentaje de Notas'!S12/100)*$S$3) -> 5 | T12: =SUM(F12:S12) -> 9.7
C13: 9 | D13: 202430532 | E13: Maldonado Ramírez Leandry Analisse | F13: =IF('Porcentaje de Notas'!F13="","",('Porcentaje de Notas'!F13/100)*$F$3) -> 0.5 | G13: =IF('Porcentaje de Notas'!G13="","",('Porcentaje de Notas'!G13/100)*$G$3) -> 0 | H13: =IF('Porcentaje de Notas'!H13="","",('Porcentaje de Notas'!H13/100)*$H$3) -> 0.5 | I13: =IF('Porcentaje de Notas'!I13="","",('Porcentaje de Notas'!I13/100)*$I$3) -> 0.5 | J13: =IF('Porcentaje de Notas'!J13="","",('Porcentaje de Notas'!J13/100)*$J$3) -> 1 | K13: =IF('Porcentaje de Notas'!K13="","",('Porcentaje de Notas'!K13/100)*$K$3) -> 1 | L13: =IF('Porcentaje de Notas'!L13="","",('Porcentaje de Notas'!L13/100)*$L$3) -> 1 | M13: =IF('Porcentaje de Notas'!M13="","",('Porcentaje de Notas'!M13/100)*$M$3) -> 1.5 | N13: =IF('Porcentaje de Notas'!N13="","",('Porcentaje de Notas'!N13/100)*$N$3) -> 2 | O13: =IF('Porcentaje de Notas'!O13="","",('Porcentaje de Notas'!O13/100)*$O$3) -> 1.3 | P13: =IF('Porcentaje de Notas'!P13="","",('Porcentaje de Notas'!P13/100)*$P$3) -> 1.6 | Q13: =IF('Porcentaje de Notas'!Q13="","",('Porcentaje de Notas'!Q13/100)*$Q$3) -> 1 | R13: =IF('Porcentaje de Notas'!R13="","",('Porcentaje de Notas'!R13/100)*$R$3) -> 1.5 | S13: =IF('Porcentaje de Notas'!S13="","",('Porcentaje de Notas'!S13/100)*$S$3) -> 5 | T13: =SUM(F13:S13) -> 18.4
C14: 10 | D14: 202430589 | E14: López Pereira Marcos Gadiel | F14: =IF('Porcentaje de Notas'!F14="","",('Porcentaje de Notas'!F14/100)*$F$3) -> 0 | G14: =IF('Porcentaje de Notas'!G14="","",('Porcentaje de Notas'!G14/100)*$G$3) -> 0 | H14: =IF('Porcentaje de Notas'!H14="","",('Porcentaje de Notas'!H14/100)*$H$3) -> 0 | I14: =IF('Porcentaje de Notas'!I14="","",('Porcentaje de Notas'!I14/100)*$I$3) -> 0.5 | J14: =IF('Porcentaje de Notas'!J14="","",('Porcentaje de Notas'!J14/100)*$J$3) -> 0.75 | K14: =IF('Porcentaje de Notas'!K14="","",('Porcentaje de Notas'!K14/100)*$K$3) -> 0.9 | L14: =IF('Porcentaje de Notas'!L14="","",('Porcentaje de Notas'!L14/100)*$L$3) -> 1 | M14: =IF('Porcentaje de Notas'!M14="","",('Porcentaje de Notas'!M14/100)*$M$3) -> 1.2 | N14: =IF('Porcentaje de Notas'!N14="","",('Porcentaje de Notas'!N14/100)*$N$3) -> 1.4 | O14: =IF('Porcentaje de Notas'!O14="","",('Porcentaje de Notas'!O14/100)*$O$3) -> 0 | P14: =IF('Porcentaje de Notas'!P14="","",('Porcentaje de Notas'!P14/100)*$P$3) -> 0 | Q14: =IF('Porcentaje de Notas'!Q14="","",('Porcentaje de Notas'!Q14/100)*$Q$3) -> 0 | R14: =IF('Porcentaje de Notas'!R14="","",('Porcentaje de Notas'!R14/100)*$R$3) -> 0 | S14: =IF('Porcentaje de Notas'!S14="","",('Porcentaje de Notas'!S14/100)*$S$3) -> 5 | T14: =SUM(F14:S14) -> 10.75
C15: 11 | D15: 202430602 | E15: Osorio Alvarez Lesther Noel | F15: =IF('Porcentaje de Notas'!F15="","",('Porcentaje de Notas'!F15/100)*$F$3) -> 0 | G15: =IF('Porcentaje de Notas'!G15="","",('Porcentaje de Notas'!G15/100)*$G$3) -> 0 | H15: =IF('Porcentaje de Notas'!H15="","",('Porcentaje de Notas'!H15/100)*$H$3) -> 0.5 | I15: =IF('Porcentaje de Notas'!I15="","",('Porcentaje de Notas'!I15/100)*$I$3) -> 0 | J15: =IF('Porcentaje de Notas'!J15="","",('Porcentaje de Notas'!J15/100)*$J$3) -> 0.6 | K15: =IF('Porcentaje de Notas'!K15="","",('Porcentaje de Notas'!K15/100)*$K$3) -> 0 | L15: =IF('Porcentaje de Notas'!L15="","",('Porcentaje de Notas'!L15/100)*$L$3) -> 0.9 | M15: =IF('Porcentaje de Notas'!M15="","",('Porcentaje de Notas'!M15/100)*$M$3) -> 1.5 | N15: =IF('Porcentaje de Notas'!N15="","",('Porcentaje de Notas'!N15/100)*$N$3) -> 0 | O15: =IF('Porcentaje de Notas'!O15="","",('Porcentaje de Notas'!O15/100)*$O$3) -> 0 | P15: =IF('Porcentaje de Notas'!P15="","",('Porcentaje de Notas'!P15/100)*$P$3) -> 0.6 | Q15: =IF('Porcentaje de Notas'!Q15="","",('Porcentaje de Notas'!Q15/100)*$Q$3) -> 0 | R15: =IF('Porcentaje de Notas'!R15="","",('Porcentaje de Notas'!R15/100)*$R$3) -> 0 | S15: =IF('Porcentaje de Notas'!S15="","",('Porcentaje de Notas'!S15/100)*$S$3) -> 0 | T15: =SUM(F15:S15) -> 4.1
C16: 12 | D16: 202430633 | E16: Ventura Ramón Allan Bacilio Guadalupe | F16: =IF('Porcentaje de Notas'!F16="","",('Porcentaje de Notas'!F16/100)*$F$3) -> 0.5 | G16: =IF('Porcentaje de Notas'!G16="","",('Porcentaje de Notas'!G16/100)*$G$3) -> 0 | H16: =IF('Porcentaje de Notas'!H16="","",('Porcentaje de Notas'!H16/100)*$H$3) -> 0.5 | I16: =IF('Porcentaje de Notas'!I16="","",('Porcentaje de Notas'!I16/100)*$I$3) -> 0.5 | J16: =IF('Porcentaje de Notas'!J16="","",('Porcentaje de Notas'!J16/100)*$J$3) -> 1 | K16: =IF('Porcentaje de Notas'!K16="","",('Porcentaje de Notas'!K16/100)*$K$3) -> 1 | L16: =IF('Porcentaje de Notas'!L16="","",('Porcentaje de Notas'!L16/100)*$L$3) -> 1 | M16: =IF('Porcentaje de Notas'!M16="","",('Porcentaje de Notas'!M16/100)*$M$3) -> 1.5 | N16: =IF('Porcentaje de Notas'!N16="","",('Porcentaje de Notas'!N16/100)*$N$3) -> 1 | O16: =IF('Porcentaje de Notas'!O16="","",('Porcentaje de Notas'!O16/100)*$O$3) -> 2 | P16: =IF('Porcentaje de Notas'!P16="","",('Porcentaje de Notas'!P16/100)*$P$3) -> 1 | Q16: =IF('Porcentaje de Notas'!Q16="","",('Porcentaje de Notas'!Q16/100)*$Q$3) -> 0 | R16: =IF('Porcentaje de Notas'!R16="","",('Porcentaje de Notas'!R16/100)*$R$3) -> 0 | S16: =IF('Porcentaje de Notas'!S16="","",('Porcentaje de Notas'!S16/100)*$S$3) -> 5 | T16: =SUM(F16:S16) -> 15
... C77: 73 | D77: 202030192 | E77: Fredi Horlando Cotom Pérez | F77: =IF('Porcentaje de Notas'!F77="","",('Porcentaje de Notas'!F77/100)*$F$3) -> 0 | G77: =IF('Porcentaje de Notas'!G77="","",('Porcentaje de Notas'!G77/100)*$G$3) -> 0 | H77: =IF('Porcentaje de Notas'!H77="","",('Porcentaje de Notas'!H77/100)*$H$3) -> 0.25 | I77: =IF('Porcentaje de Notas'!I77="","",('Porcentaje de Notas'!I77/100)*$I$3) -> 0.375 | J77: =IF('Porcentaje de Notas'!J77="","",('Porcentaje de Notas'!J77/100)*$J$3) -> 0 | K77: =IF('Porcentaje de Notas'!K77="","",('Porcentaje de Notas'!K77/100)*$K$3) -> 1 | L77: =IF('Porcentaje de Notas'!L77="","",('Porcentaje de Notas'!L77/100)*$L$3) -> 1 | M77: =IF('Porcentaje de Notas'!M77="","",('Porcentaje de Notas'!M77/100)*$M$3) -> 1.5 | N77: =IF('Porcentaje de Notas'!N77="","",('Porcentaje de Notas'!N77/100)*$N$3) -> 2 | O77: =IF('Porcentaje de Notas'!O77="","",('Porcentaje de Notas'!O77/100)*$O$3) -> 1.7 | P77: =IF('Porcentaje de Notas'!P77="","",('Porcentaje de Notas'!P77/100)*$P$3) -> 0 | Q77: =IF('Porcentaje de Notas'!Q77="","",('Porcentaje de Notas'!Q77/100)*$Q$3) -> 0 | R77: =IF('Porcentaje de Notas'!R77="","",('Porcentaje de Notas'!R77/100)*$R$3) -> 0 | S77: =IF('Porcentaje de Notas'!S77="","",('Porcentaje de Notas'!S77/100)*$S$3) -> 0 | T77: =SUM(F77:S77) -> 7.825

Sheet Porcentaje de Notas
F2: HT Ingeniero (29/07/2025) | G2: HT Ingeniero (1/08/2025) | H2: HT Ingeniero (13/08/2025) | I2: HT Ingeniero (29/08/2025) | J2: Geometria y ecuaciones (12/08/2025) | K2: Evaluar Funciones (19/08/2025) | L2: Dominio Funciones (28/08/2025) | M2: Investigacion T. Polinomios (2/09/2025) | N2: Graficas (2/09/2025) | O2: Representación Polinomios (11/09/2025) | P2: Division de Polinomios (23/09/2025) | Q2: Funciones Racionales, Asintotas (9/10/2025) | R2: Funciones Exp, N, Log (16/10/2025) | S2: Proyecto Final (23/10/2025) | T2: NOTAS FINALES
E3: Puntaje asignado por actividad | F3: 0.5 | G3: 0.5 | H3: 0.5 | I3: 0.5 | J3: 1 | K3: 1 | L3: 1 | M3: 1.5 | N3: 2 | O3: 2 | P3: 2 | Q3: 1 | R3: 1.5 | S3: 5 | T3: =SUM(F3:S3) -> 20
C4: No. | D4: Registro | E4: Nombres | F4: HT1 | G4: HT2 | H4: HT3 | I4: HT4 | J4: HT1 | K4: HT2 | L4: HT 3 | M4: HT4 | N4: TAREA | O4: HT5 | P4: HT6 | Q4: HT7 | R4: HT8 | S4: PF | T4: NTF
C5: 1 | D5: 202030174 | E5: Pérez Aráuz Bily Bilsen Américo | F5: =[1]Hoja1!F5 -> 0 | G5: =[1]Hoja1!G5 -> 0 | H5: =[1]Hoja1!H5 -> 50 | I5: =[1]Hoja1!I5 -> 0 | J5: =[1]Hoja1!J5 -> 0 | K5: =[1]Hoja1!K5 -> 0 | L5: =[1]Hoja1!L5 -> 0 | M5: =[1]Hoja1!M5 -> 100 | ... S5: =[1]Hoja1!S5 -> 0
C6: 2 | D6: 202032032 | E6: Macario Xicara Daniel Enrique | F6: =[1]Hoja1!F6 -> 100 | G6: =[1]Hoja1!G6 -> 0 | H6: =[1]Hoja1!H6 -> 50 | I6: =[1]Hoja1!I6 -> 100 | J6: =[1]Hoja1!J6 -> 100 | K6: =[1]Hoja1!K6 -> 100 | L6: =[1]Hoja1!L6 -> 100 | M6: =[1]Hoja1!M6 -> 100 | ... S6: =[1]Hoja1!S6 -> 100
C7: 3 | D7: 202231116 | E7: Gomez Miranda Ronald Eliu | F7: =[1]Hoja1!F7 -> 100 | G7: =[1]Hoja1!G7 -> 0 | H7: =[1]Hoja1!H7 -> 100 | I7: =[1]Hoja1!I7 -> 0 | J7: =[1]Hoja1!J7 -> 85 | K7: =[1]Hoja1!K7 -> 100 | L7: =[1]Hoja1!L7 -> 100 | M7: =[1]Hoja1!M7 -> 100 | ... S7: =[1]Hoja1!S7 -> 100
C8: 4 | D8: 202330276 | E8: Sum Agustin Cristian Yair | F8: =[1]Hoja1!F8 -> 0 | G8: =[1]Hoja1!G8 -> 0 | H8: =[1]Hoja1!H8 -> 0 | I8: =[1]Hoja1!I8 -> 0 | J8: =[1]Hoja1!J8 -> 0 | K8: =[1]Hoja1!K8 -> 0 | L8: =[1]Hoja1!L8 -> 0 | M8: =[1]Hoja1!M8 -> 0 | ... S8: =[1]Hoja1!S8 -> 0
C9: 5 | D9: 202331587 | E9: Norato Batz Gabriel Alexander | F9: =[1]Hoja1!F9 -> 0 | G9: =[1]Hoja1!G9 -> 0 | H9: =[1]Hoja1!H9 -> 100 | I9: =[1]Hoja1!I9 -> 90 | J9: =[1]Hoja1!J9 -> 0 | K9: =[1]Hoja1!K9 -> 50 | L9: =[1]Hoja1!L9 -> 90 | M9: =[1]Hoja1!M9 -> 80 | ... S9: =[1]Hoja1!S9 -> 100
C10: 6 | D10: 202332049 | E10: Orozco Bautista Cristian Emanuel | F10: =[1]Hoja1!F10 -> 0 | G10: =[1]Hoja1!G10 -> 0 | H10: =[1]Hoja1!H10 -> 0 | I10: =[1]Hoja1!I10 -> 0 | J10: =[1]Hoja1!J10 -> 0 | K10: =[1]Hoja1!K10 -> 0 | L10: =[1]Hoja1!L10 -> 0 | M10: =[1]Hoja1!M10 -> 0 | ... S10: =[1]Hoja1!S10 -> 0
C11: 7 | D11: 202402553 | E11: Juárez Pinzón Yheshua Hermany | F11: =[1]Hoja1!F11 -> 100 | G11: =[1]Hoja1!G11 -> 0 | H11: =[1]Hoja1!H11 -> 100 | I11: =[1]Hoja1!I11 -> 90 | J11: =[1]Hoja1!J11 -> 60 | K11: =[1]Hoja1!K11 -> 0 | L11: =[1]Hoja1!L11 -> 100 | M11: =[1]Hoja1!M11 -> 100 | ... S11: =[1]Hoja1!S11 -> 0
C12: 8 | D12: 202430271 | E12: Poncio Chávez Kevin José Moisés | F12: =[1]Hoja1!F12 -> 0 | G12: =[1]Hoja1!G12 -> 100 | H12: =[1]Hoja1!H12 -> 0 | I12: =[1]Hoja1!I12 -> 0 | J12: =[1]Hoja1!J12 -> 100 | K12: =[1]Hoja1!K12 -> 100 | L12: =[1]Hoja1!L12 -> 0 | M12: =[1]Hoja1!M12 -> 0 | ... S12: =[1]Hoja1!S12 -> 100
C13: 9 | D13: 202430532 | E13: Maldonado Ramírez Leandry Analisse | F13: =[1]Hoja1!F13 -> 100 | G13: =[1]Hoja1!G13 -> 0 | H13: =[1]Hoja1!H13 -> 100 | I13: =[1]Hoja1!I13 -> 100 | J13: =[1]Hoja1!J13 -> 100 | K13: =[1]Hoja1!K13 -> 100 | L13: =[1]Hoja1!L13 -> 100 | M13: =[1]Hoja1!M13 -> 100 | ... S13: =[1]Hoja1!S13 -> 100
C14: 10 | D14: 202430589 | E14: López Pereira Marcos Gadiel | F14: =[1]Hoja1!F14 -> 0 | G14: =[1]Hoja1!G14 -> 0 | H14: =[1]Hoja1!H14 -> 0 | I14: =[1]Hoja1!I14 -> 100 | J14: =[1]Hoja1!J14 -> 75 | K14: =[1]Hoja1!K14 -> 90 | L14: =[1]Hoja1!L14 -> 100 | M14: =[1]Hoja1!M14 -> 80 | ... S14: =[1]Hoja1!S14 -> 100
C15: 11 | D15: 202430602 | E15: Osorio Alvarez Lesther Noel | F15: =[1]Hoja1!F15 -> 0 | G15: =[1]Hoja1!G15 -> 0 | H15: =[1]Hoja1!H15 -> 100 | I15: =[1]Hoja1!I15 -> 0 | J15: =[1]Hoja1!J15 -> 60 | K15: =[1]Hoja1!K15 -> 0 | L15: =[1]Hoja1!L15 -> 90 | M15: =[1]Hoja1!M15 -> 100 | ... S15: =[1]Hoja1!S15 -> 0
C16: 12 | D16: 202430633 | E16: Ventura Ramón Allan Bacilio Guadalupe | F16: =[1]Hoja1!F16 -> 100 | G16: =[1]Hoja1!G16 -> 0 | H16: =[1]Hoja1!H16 -> 100 | I16: =[1]Hoja1!I16 -> 100 | J16: =[1]Hoja1!J16 -> 100 | K16: =[1]Hoja1!K16 -> 100 | L16: =[1]Hoja1!L16 -> 100 | M16: =[1]Hoja1!M16 -> 100 | ... S16: =[1]Hoja1!S16 -> 100
... C77: 73 | D77: 202030192 | E77: Fredi Horlando Cotom Pérez | F77: =[1]Hoja1!F77 -> 0 | G77: =[1]Hoja1!G77 -> 0 | H77: =[1]Hoja1!H77 -> 50 | I77: =[1]Hoja1!I77 -> 75 | J77: =[1]Hoja1!J77 -> 0 | K77: =[1]Hoja1!K77 -> 100 | L77: =[1]Hoja1!L77 -> 100 | M77: =[1]Hoja1!M77 -> 100 | ... S77: =[1]Hoja1!S77 -> 0
