Workbook

Sheet NOTAS FINALES
E9: HT Ingeniero (29/07/2025) | F9: HT Ingeniero (1/08/2025) | G9: HT Ingeniero (13/08/2025) | H9: HT Ingeniero (29/08/2025) | I9: Geometria y ecuaciones (12/08/2025) | J9: Evaluar Funciones (19/08/2025) | K9: Dominio Funciones (28/08/2025) | L9: Investigacion T. Polinomios (2/09/2025) | M9: Graficas (2/09/2025) | N9: Representación Polinomios (11/09/2025) | O9: Division de Polinomios (23/09/2025) | P9: Funciones Racionales, Asintotas (9/10/2025) | Q9: Funciones Exp, N, Log (16/10/2025) | R9: Proyecto Final (23/10/2025) | S9: NOTAS FINALES
D10: Puntaje asignado por actividad | E10: 0.5 | F10: 0.5 | G10: 0.5 | H10: 0.5 | I10: 1 | J10: 1 | K10: 1 | L10: 1.5 | M10: 2 | N10: 2 | O10: 2 | P10: 1 | Q10: 1.5 | R10: 5 | S10: =SUM(E10:R10) -> 20
B11: No. | C11: Registro | D11: Nombres | E11: HT1 | F11: HT2 | G11: HT3 | H11: HT4 | I11: HT1 | J11: HT2 | K11: HT 3 | L11: HT4 | M11: TAREA | N11: HT5 | O11: HT6 | P11: HT7 | Q11: HT8 | R11: PF | S11: NTF
B12: 1 | C12: 202030174 | D12: Pérez Aráuz Bily Bilsen Américo | E12: =IF('Porcentaje de Notas'!D12="","",('Porcentaje de Notas'!D12/100)*$E$10) -> 0 | F12: =IF('Porcentaje de Notas'!E12="","",('Porcentaje de Notas'!E12/100)*$F$10) -> 0.25 | G12: =IF('Porcentaje de Notas'!F12="","",('Porcentaje de Notas'!F12/100)*$G$10) -> 0.25 | H12: =IF('Porcentaje de Notas'!G12="","",('Porcentaje de Notas'!G12/100)*$H$10) -> 0 | I12: =IF('Porcentaje de Notas'!H12="","",('Porcentaje de Notas'!H12/100)*$I$10) -> 0 | J12: =IF('Porcentaje de Notas'!I12="","",('Porcentaje de Notas'!I12/100)*$J$10) -> 0 | K12: =IF('Porcentaje de Notas'!J12="","",('Porcentaje de Notas'!J12/100)*$K$10) -> 0 | L12: =IF('Porcentaje de Notas'!K12="","",('Porcentaje de Notas'!K12/100)*$L$10) -> 1.5 | M12: =IF('Porcentaje de Notas'!L12="","",('Porcentaje de Notas'!L12/100)*$M$10) -> 0 | N12: =IF('Porcentaje de Notas'!M12="","",('Porcentaje de Notas'!M12/100)*$N$10) -> 0 | O12: =IF('Porcentaje de Notas'!N12="","",('Porcentaje de Notas'!N12/100)*$O$10) -> 2 | P12: =IF('Porcentaje de Notas'!O12="","",('Porcentaje de Notas'!O12/100)*$P$10) -> 0 | Q12: =IF('Porcentaje de Notas'!P12="","",('Porcentaje de Notas'!P12/100)*$Q$10) -> 0 | R12: =IF('Porcentaje de Notas'!Q12="","",('Porcentaje de Notas'!Q12/100)*$R$10) -> 0 | S12: =SUM(E12:R12) -> 4
B13: 2 | C13: 202032032 | D13: Macario Xicara Daniel Enrique | E13: =IF('Porcentaje de Notas'!D13="","",('Porcentaje de Notas'!D13/100)*$E$10) -> 0.5 | F13: =IF('Porcentaje de Notas'!E13="","",('Porcentaje de Notas'!E13/100)*$F$10) -> 0.25 | G13: =IF('Porcentaje de Notas'!F13="","",('Porcentaje de Notas'!F13/100)*$G$10) -> 0.25 | H13: =IF('Porcentaje de Notas'!G13="","",('Porcentaje de Notas'!G13/100)*$H$10) -> 0.5 | I13: =IF('Porcentaje de Notas'!H13="","",('Porcentaje de Notas'!H13/100)*$I$10) -> 1 | J13: =IF('Porcentaje de Notas'!I13="","",('Porcentaje de Notas'!I13/100)*$J$10) -> 1 | K13: =IF('Porcentaje de Notas'!J13="","",('Porcentaje de Notas'!J13/100)*$K$10) -> 1 | L13: =IF('Porcentaje de Notas'!K13="","",('Porcentaje de Notas'!K13/100)*$L$10) -> 1.5 | M13: =IF('Porcentaje de Notas'!L13="","",('Porcentaje de Notas'!L13/100)*$M$10) -> 1.6 | N13: =IF('Porcentaje de Notas'!M13="","",('Porcentaje de Notas'!M13/100)*$N$10) -> 2 | O13: =IF('Porcentaje de Notas'!N13="","",('Porcentaje de Notas'!N13/100)*$O$10) -> 2 | P13: =IF('Porcentaje de Notas'!O13="","",('Porcentaje de Notas'!O13/100)*$P$10) -> 1 | Q13: =IF('Porcentaje de Notas'!P13="","",('Porcentaje de Notas'!P13/100)*$Q$10) -> 1.5 | R13: =IF('Porcentaje de Notas'!Q13="","",('Porcentaje de Notas'!Q13/100)*$R$10) -> 5 | S13: =SUM(E13:R13) -> 19.1
B14: 3 | C14: 202231116 | D14: Gomez Miranda Ronald Eliu | E14: =IF('Porcentaje de Notas'!D14="","",('Porcentaje de Notas'!D14/100)*$E$10) -> 0.5 | F14: =IF('Porcentaje de Notas'!E14="","",('Porcentaje de Notas'!E14/100)*$F$10) -> 0.25 | G14: =IF('Porcentaje de Notas'!F14="","",('Porcentaje de Notas'!F14/100)*$G$10) -> 0.5 | H14: =IF('Porcentaje de Notas'!G14="","",('Porcentaje de Notas'!G14/100)*$H$10) -> 0 | I14: =IF('Porcentaje de Notas'!H14="","",('Porcentaje de Notas'!H14/100)*$I$10) -> 0.85 | J14: =IF('Porcentaje de Notas'!I14="","",('Porcentaje de Notas'!I14/100)*$J$10) -> 1 | K14: =IF('Porcentaje de Notas'!J14="","",('Porcentaje de Notas'!J14/100)*$K$10) -> 1 | L14: =IF('Porcentaje de Notas'!K14="","",('Porcentaje de Notas'!K14/100)*$L$10) -> 1.5 | M14: =IF('Porcentaje de Notas'!L14="","",('Porcentaje de Notas'!L14/100)*$M$10) -> 1.4 | N14: =IF('Porcentaje de Notas'!M14="","",('Porcentaje de Notas'!M14/100)*$N$10) -> 0 | O14: =IF('Porcentaje de Notas'!N14="","",('Porcentaje de Notas'!N14/100)*$O$10) -> 1.7 | P14: =IF('Porcentaje de Notas'!O14="","",('Porcentaje de Notas'!O14/100)*$P$10) -> 0.8 | Q14: =IF('Porcentaje de Notas'!P14="","",('Porcentaje de Notas'!P14/100)*$Q$10) -> 0 | R14: =IF('Porcentaje de Notas'!Q14="","",('Porcentaje de Notas'!Q14/100)*$R$10) -> 5 | S14: =SUM(E14:R14) -> 14.5
B15: 4 | C15: 202330276 | D15: Sum Agustin Cristian Yair | E15: =IF('Porcentaje de Notas'!D15="","",('Porcentaje de Notas'!D15/100)*$E$10) -> 0 | F15: =IF('Porcentaje de Notas'!E15="","",('Porcentaje de Notas'!E15/100)*$F$10) -> 0.25 | G15: =IF('Porcentaje de Notas'!F15="","",('Porcentaje de Notas'!F15/100)*$G$10) -> 0 | H15: =IF('Porcentaje de Notas'!G15="","",('Porcentaje de Notas'!G15/100)*$H$10) -> 0 | I15: =IF('Porcentaje de Notas'!H15="","",('Porcentaje de Notas'!H15/100)*$I$10) -> 0 | J15: =IF('Porcentaje de Notas'!I15="","",('Porcentaje de Notas'!I15/100)*$J$10) -> 0 | K15: =IF('Porcentaje de Notas'!J15="","",('Porcentaje de Notas'!J15/100)*$K$10) -> 0 | L15: =IF('Porcentaje de Notas'!K15="","",('Porcentaje de Notas'!K15/100)*$L$10) -> 0 | M15: =IF('Porcentaje de Notas'!L15="","",('Porcentaje de Notas'!L15/100)*$M$10) -> 0 | N15: =IF('Porcentaje de Notas'!M15="","",('Porcentaje de Notas'!M15/100)*$N$10) -> 0 | O15: =IF('Porcentaje de Notas'!N15="","",('Porcentaje de Notas'!N15/100)*$O$10) -> 0 | P15: =IF('Porcentaje de Notas'!O15="","",('Porcentaje de Notas'!O15/100)*$P$10) -> 0 | Q15: =IF('Porcentaje de Notas'!P15="","",('Porcentaje de Notas'!P15/100)*$Q$10) -> 0 | R15: =IF('Porcentaje de Notas'!Q15="","",('Porcentaje de Notas'!Q15/100)*$R$10) -> 0 | S15: =SUM(E15:R15) -> 0.25
B16: 5 | C16: 202331587 | D16: Norato Batz Gabriel Alexander | E16: =IF('Porcentaje de Notas'!D16="","",('Porcentaje de Notas'!D16/100)*$E$10) -> 0 | F16: =IF('Porcentaje de Notas'!E16="","",('Porcentaje de Notas'!E16/100)*$F$10) -> 0.25 | G16: =IF('Porcentaje de Notas'!F16="","",('Porcentaje de Notas'!F16/100)*$G$10) -> 0.5 | H16: =IF('Porcentaje de Notas'!G16="","",('Porcentaje de Notas'!G16/100)*$H$10) -> 0.45 | I16: =IF('Porcentaje de Notas'!H16="","",('Porcentaje de Notas'!H16/100)*$I$10) -> 0 | J16: =IF('Porcentaje de Notas'!I16="","",('Porcentaje de Notas'!I16/100)*$J$10) -> 0.5 | K16: =IF('Porcentaje de Notas'!J16="","",('Porcentaje de Notas'!J16/100)*$K$10) -> 0.9 | L16: =IF('Porcentaje de Notas'!K16="","",('Porcentaje de Notas'!K16/100)*$L$10) -> 1.2 | M16: =IF('Porcentaje de Notas'!L16="","",('Porcentaje de Notas'!L16/100)*$M$10) -> 1.5 | N16: =IF('Porcentaje de Notas'!M16="","",('Porcentaje de Notas'!M16/100)*$N$10) -> 1.7 | O16: =IF('Porcentaje de Notas'!N16="","",('Porcentaje de Notas'!N16/100)*$O$10) -> 0 | P16: =IF('Porcentaje de Notas'!O16="","",('Porcentaje de Notas'!O16/100)*$P$10) -> 1 | Q16: =IF('Porcentaje de Notas'!P16="","",('Porcentaje de Notas'!P16/100)*$Q$10) -> 1.5 | R16: =IF('Porcentaje de Notas'!Q16="","",('Porcentaje de Notas'!Q16/100)*$R$10) -> 5 | S16: =SUM(E16:R16) -> 14.5
B17: 6 | C17: 202332049 | D17: Orozco Bautista Cristian Emanuel | E17: =IF('Porcentaje de Notas'!D17="","",('Porcentaje de Notas'!D17/100)*$E$10) -> 0 | F17: =IF('Porcentaje de Notas'!E17="","",('Porcentaje de Notas'!E17/100)*$F$10) -> 0.25 | G17: =IF('Porcentaje de Notas'!F17="","",('Porcentaje de Notas'!F17/100)*$G$10) -> 0 | H17: =IF('Porcentaje de Notas'!G17="","",('Porcentaje de Notas'!G17/100)*$H$10) -> 0 | I17: =IF('Porcentaje de Notas'!H17="","",('Porcentaje de Notas'!H17/100)*$I$10) -> 0 | J17: =IF('Porcentaje de Notas'!I17="","",('Porcentaje de Notas'!I17/100)*$J$10) -> 0 | K17: =IF('Porcentaje de Notas'!J17="","",('Porcentaje de Notas'!J17/100)*$K$10) -> 0 | L17: =IF('Porcentaje de Notas'!K17="","",('Porcentaje de Notas'!K17/100)*$L$10) -> 0 | M17: =IF('Porcentaje de Notas'!L17="","",('Porcentaje de Notas'!L17/100)*$M$10) -> 0 | N17: =IF('Porcentaje de Notas'!M17="","",('Porcentaje de Notas'!M17/100)*$N$10) -> 0 | O17: =IF('Porcentaje de Notas'!N17="","",('Porcentaje de Notas'!N17/100)*$O$10) -> 0 | P17: =IF('Porcentaje de Notas'!O17="","",('Porcentaje de Notas'!O17/100)*$P$10) -> 0 | Q17: =IF('Porcentaje de Notas'!P17="","",('Porcentaje de Notas'!P17/100)*$Q$10) -> 0 | R17: =IF('Porcentaje de Notas'!Q17="","",('Porcentaje de Notas'!Q17/100)*$R$10) -> 0 | S17: =SUM(E17:R17) -> 0.25
B18: 7 | C18: 202402553 | D18: Juárez Pinzón Yheshua Hermany | E18: =IF('Porcentaje de Notas'!D18="","",('Porcentaje de Notas'!D18/100)*$E$10) -> 0.5 | F18: =IF('Porcentaje de Notas'!E18="","",('Porcentaje de Notas'!E18/100)*$F$10) -> 0.25 | G18: =IF('Porcentaje de Notas'!F18="","",('Porcentaje de Notas'!F18/100)*$G$10) -> 0.5 | H18: =IF('Porcentaje de Notas'!G18="","",('Porcentaje de Notas'!G18/100)*$H$10) -> 0.45 | I18: =IF('Porcentaje de Notas'!H18="","",('Porcentaje de Notas'!H18/100)*$I$10) -> 0.6 | J18: =IF('Porcentaje de Notas'!I18="","",('Porcentaje de Notas'!I18/100)*$J$10) -> 0 | K18: =IF('Porcentaje de Notas'!J18="","",('Porcentaje de Notas'!J18/100)*$K$10) -> 1 | L18: =IF('Porcentaje de Notas'!K18="","",('Porcentaje de Notas'!K18/100)*$L$10) -> 1.5 | M18: =IF('Porcentaje de Notas'!L18="","",('Porcentaje de Notas'!L18/100)*$M$10) -> 1 | N18: =IF('Porcentaje de Notas'!M18="","",('Porcentaje de Notas'!M18/100)*$N$10) -> 0 | O18: =IF('Porcentaje de Notas'!N18="","",('Porcentaje de Notas'!N18/100)*$O$10) -> 1.3 | P18: =IF('Porcentaje de Notas'!O18="","",('Porcentaje de Notas'!O18/100)*$P$10) -> 0.8 | Q18: =IF('Porcentaje de Notas'!P18="","",('Porcentaje de Notas'!P18/100)*$Q$10) -> 1.5 | R18: =IF('Porcentaje de Notas'!Q18="","",('Porcentaje de Notas'!Q18/100)*$R$10) -> 0 | S18: =SUM(E18:R18) -> 9.4
B19: 8 | C19: 202430271 | D19: Poncio Chávez Kevin José Moisés | E19: =IF('Porcentaje de Notas'!D19="","",('Porcentaje de Notas'!D19/100)*$E$10) -> 0 | F19: =IF('Porcentaje de Notas'!E19="","",('Porcentaje de Notas'!E19/100)*$F$10) -> 0.5 | G19: =IF('Porcentaje de Notas'!F19="","",('Porcentaje de Notas'!F19/100)*$G$10) -> 0 | H19: =IF('Porcentaje de Notas'!G19="","",('Porcentaje de Notas'!G19/100)*$H$10) -> 0 | I19: =IF('Porcentaje de Notas'!H19="","",('Porcentaje de Notas'!H19/100)*$I$10) -> 1 | J19: =IF('Porcentaje de Notas'!I19="","",('Porcentaje de Notas'!I19/100)*$J$10) -> 1 | K19: =IF('Porcentaje de Notas'!J19="","",('Porcentaje de Notas'!J19/100)*$K$10) -> 0 | L19: =IF('Porcentaje de Notas'!K19="","",('Porcentaje de Notas'!K19/100)*$L$10) -> 0 | M19: =IF('Porcentaje de Notas'!L19="","",('Porcentaje de Notas'!L19/100)*$M$10) -> 0 | N19: =IF('Porcentaje de Notas'!M19="","",('Porcentaje de Notas'!M19/100)*$N$10) -> 0 | O19: =IF('Porcentaje de Notas'!N19="","",('Porcentaje de Notas'!N19/100)*$O$10) -> 1.4 | P19: =IF('Porcentaje de Notas'!O19="","",('Porcentaje de Notas'!O19/100)*$P$10) -> 0.8 | Q19: =IF('Porcentaje de Notas'!P19="","",('Porcentaje de Notas'!P19/100)*$Q$10) -> 0 | R19: =IF('Porcentaje de Notas'!Q19="","",('Porcentaje de Notas'!Q19/100)*$R$10) -> 5 | S19: =SUM(E19:R19) -> 9.7
B20: 9 | C20: 202430532 | D20: Maldonado Ramírez Leandry Analisse | E20: =IF('Porcentaje de Notas'!D20="","",('Porcentaje de Notas'!D20/100)*$E$10) -> 0.5 | F20: =IF('Porcentaje de Notas'!E20="","",('Porcentaje de Notas'!E20/100)*$F$10) -> 0.25 | G20: =IF('Porcentaje de Notas'!F20="","",('Porcentaje de Notas'!F20/100)*$G$10) -> 0.5 | H20: =IF('Porcentaje de Notas'!G20="","",('Porcentaje de Notas'!G20/100)*$H$10) -> 0.5 | I20: =IF('Porcentaje de Notas'!H20="","",('Porcentaje de Notas'!H20/100)*$I$10) -> 1 | J20: =IF('Porcentaje de Notas'!I20="","",('Porcentaje de Notas'!I20/100)*$J$10) -> 1 | K20: =IF('Porcentaje de Notas'!J20="","",('Porcentaje de Notas'!J20/100)*$K$10) -> 1 | L20: =IF('Porcentaje de Notas'!K20="","",('Porcentaje de Notas'!K20/100)*$L$10) -> 1.5 | M20: =IF('Porcentaje de Notas'!L20="","",('Porcentaje de Notas'!L20/100)*$M$10) -> 2 | N20: =IF('Porcentaje de Notas'!M20="","",('Porcentaje de Notas'!M20/100)*$N$10) -> 1.3 | O20: =IF('Porcentaje de Notas'!N20="","",('Porcentaje de Notas'!N20/100)*$O$10) -> 1.6 | P20: =IF('Porcentaje de Notas'!O20="","",('Porcentaje de Notas'!O20/100)*$P$10) -> 1 | Q20: =IF('Porcentaje de Notas'!P20="","",('Porcentaje de Notas'!P20/100)*$Q$10) -> 1.5 | R20: =IF('Porcentaje de Notas'!Q20="","",('Porcentaje de Notas'!Q20/100)*$R$10) -> 5 | S20: =SUM(E20:R20) -> 18.65
B21: 10 | C21: 202430589 | D21: López Pereira Marcos Gadiel | E21: =IF('Porcentaje de Notas'!D21="","",('Porcentaje de Notas'!D21/100)*$E$10) -> 0 | F21: =IF('Porcentaje de Notas'!E21="","",('Porcentaje de Notas'!E21/100)*$F$10) -> 0.25 | G21: =IF('Porcentaje de Notas'!F21="","",('Porcentaje de Notas'!F21/100)*$G$10) -> 0 | H21: =IF('Porcentaje de Notas'!G21="","",('Porcentaje de Notas'!G21/100)*$H$10) -> 0.5 | I21: =IF('Porcentaje de Notas'!H21="","",('Porcentaje de Notas'!H21/100)*$I$10) -> 0.75 | J21: =IF('Porcentaje de Notas'!I21="","",('Porcentaje de Notas'!I21/100)*$J$10) -> 0.9 | K21: =IF('Porcentaje de Notas'!J21="","",('Porcentaje de Notas'!J21/100)*$K$10) -> 1 | L21: =IF('Porcentaje de Notas'!K21="","",('Porcentaje de Notas'!K21/100)*$L$10) -> 1.2 | M21: =IF('Porcentaje de Notas'!L21="","",('Porcentaje de Notas'!L21/100)*$M$10) -> 1.4 | N21: =IF('Porcentaje de Notas'!M21="","",('Porcentaje de Notas'!M21/100)*$N$10) -> 0 | O21: =IF('Porcentaje de Notas'!N21="","",('Porcentaje de Notas'!N21/100)*$O$10) -> 0 | P21: =IF('Porcentaje de Notas'!O21="","",('Porcentaje de Notas'!O21/100)*$P$10) -> 0 | Q21: =IF('Porcentaje de Notas'!P21="","",('Porcentaje de Notas'!P21/100)*$Q$10) -> 0 | R21: =IF('Porcentaje de Notas'!Q21="","",('Porcentaje de Notas'!Q21/100)*$R$10) -> 5 | S21: =SUM(E21:R21) -> 11
B22: 11 | C22: 202430602 | D22: Osorio Alvarez Lesther Noel | E22: =IF('Porcentaje de Notas'!D22="","",('Porcentaje de Notas'!D22/100)*$E$10) -> 0 | F22: =IF('Porcentaje de Notas'!E22="","",('Porcentaje de Notas'!E22/100)*$F$10) -> 0.25 | G22: =IF('Porcentaje de Notas'!F22="","",('Porcentaje de Notas'!F22/100)*$G$10) -> 0.5 | H22: =IF('Porcentaje de Notas'!G22="","",('Porcentaje de Notas'!G22/100)*$H$10) -> 0 | I22: =IF('Porcentaje de Notas'!H22="","",('Porcentaje de Notas'!H22/100)*$I$10) -> 0.6 | J22: =IF('Porcentaje de Notas'!I22="","",('Porcentaje de Notas'!I22/100)*$J$10) -> 0 | K22: =IF('Porcentaje de Notas'!J22="","",('Porcentaje de Notas'!J22/100)*$K$10) -> 0.9 | L22: =IF('Porcentaje de Notas'!K22="","",('Porcentaje de Notas'!K22/100)*$L$10) -> 1.5 | M22: =IF('Porcentaje de Notas'!L22="","",('Porcentaje de Notas'!L22/100)*$M$10) -> 0 | N22: =IF('Porcentaje de Notas'!M22="","",('Porcentaje de Notas'!M22/100)*$N$10) -> 0 | O22: =IF('Porcentaje de Notas'!N22="","",('Porcentaje de Notas'!N22/100)*$O$10) -> 0.6 | P22: =IF('Porcentaje de Notas'!O22="","",('Porcentaje de Notas'!O22/100)*$P$10) -> 0 | Q22: =IF('Porcentaje de Notas'!P22="","",('Porcentaje de Notas'!P22/100)*$Q$10) -> 0 | R22: =IF('Porcentaje de Notas'!Q22="","",('Porcentaje de Notas'!Q22/100)*$R$10) -> 0 | S22: =SUM(E22:R22) -> 4.35
B23: 12 | C23: 202430633 | D23: Ventura Ramón Allan Bacilio Guadalupe | E23: =IF('Porcentaje de Notas'!D23="","",('Porcentaje de Notas'!D23/100)*$E$10) -> 0.5 | F23: =IF('Porcentaje de Notas'!E23="","",('Porcentaje de Notas'!E23/100)*$F$10) -> 0.25 | G23: =IF('Porcentaje de Notas'!F23="","",('Porcentaje de Notas'!F23/100)*$G$10) -> 0.5 | H23: =IF('Porcentaje de Notas'!G23="","",('Porcentaje de Notas'!G23/100)*$H$10) -> 0.5 | I23: =IF('Porcentaje de Notas'!H23="","",('Porcentaje de Notas'!H23/100)*$I$10) -> 1 | J23: =IF('Porcentaje de Notas'!I23="","",('Porcentaje de Notas'!I23/100)*$J$10) -> 1 | K23: =IF('Porcentaje de Notas'!J23="","",('Porcentaje de Notas'!J23/100)*$K$10) -> 1 | L23: =IF('Porcentaje de Notas'!K23="","",('Porcentaje de Notas'!K23/100)*$L$10) -> 1.5 | M23: =IF('Porcentaje de Notas'!L23="","",('Porcentaje de Notas'!L23/100)*$M$10) -> 1 | N23: =IF('Porcentaje de Notas'!M23="","",('Porcentaje de Notas'!M23/100)*$N$10) -> 2 | O23: =IF('Porcentaje de Notas'!N23="","",('Porcentaje de Notas'!N23/100)*$O$10) -> 1 | P23: =IF('Porcentaje de Notas'!O23="","",('Porcentaje de Notas'!O23/100)*$P$10) -> 0 | Q23: =IF('Porcentaje de Notas'!P23="","",('Porcentaje de Notas'!P23/100)*$Q$10) -> 0 | R23: =IF('Porcentaje de Notas'!Q23="","",('Porcentaje de Notas'!Q23/100)*$R$10) -> 5 | S23: =SUM(E23:R23) -> 15.25
... B84: 73 | C84: 202030192 | D84: Fredi Horlando Cotom Pérez | E84: =IF('Porcentaje de Notas'!D84="","",('Porcentaje de Notas'!D84/100)*$E$10) -> 0 | F84: =IF('Porcentaje de Notas'!E84="","",('Porcentaje de Notas'!E84/100)*$F$10) -> 0.25 | G84: =IF('Porcentaje de Notas'!F84="","",('Porcentaje de Notas'!F84/100)*$G$10) -> 0.25 | H84: =IF('Porcentaje de Notas'!G84="","",('Porcentaje de Notas'!G84/100)*$H$10) -> 0.375 | I84: =IF('Porcentaje de Notas'!H84="","",('Porcentaje de Notas'!H84/100)*$I$10) -> 0 | J84: =IF('Porcentaje de Notas'!I84="","",('Porcentaje de Notas'!I84/100)*$J$10) -> 1 | K84: =IF('Porcentaje de Notas'!J84="","",('Porcentaje de Notas'!J84/100)*$K$10) -> 1 | L84: =IF('Porcentaje de Notas'!K84="","",('Porcentaje de Notas'!K84/100)*$L$10) -> 1.5 | M84: =IF('Porcentaje de Notas'!L84="","",('Porcentaje de Notas'!L84/100)*$M$10) -> 2 | N84: =IF('Porcentaje de Notas'!M84="","",('Porcentaje de Notas'!M84/100)*$N$10) -> 1.7 | O84: =IF('Porcentaje de Notas'!N84="","",('Porcentaje de Notas'!N84/100)*$O$10) -> 0 | P84: =IF('Porcentaje de Notas'!O84="","",('Porcentaje de Notas'!O84/100)*$P$10) -> 0 | Q84: =IF('Porcentaje de Notas'!P84="","",('Porcentaje de Notas'!P84/100)*$Q$10) -> 0 | R84: =IF('Porcentaje de Notas'!Q84="","",('Porcentaje de Notas'!Q84/100)*$R$10) -> 0 | S84: =SUM(E84:R84) -> 8.075

Sheet Porcentaje de Notas
A1: Universidad de San Carlos de Guatemala
A2: Centro Universitario de Occidente
A3: División de Ciencias de la Ingeniería
A4: Segundo Semestre 2025
A5: Laboratorio de Matemática Básica 1
A6: Sección B | F6: Ing. Erick Adolfo Coti Sac | N6: Marlon Ivan Carreto Rivera, Carnet 201230088
A7: Ing. Erick Adolfo Coti Sac | F7: Docente | N7: Auxiliar de Laboratorio
A8: Aux. Marlon Ivan Carreto Rivera, Carnet 201230088
D9: HT Ingeniero (29/07/2025) | E9: HT Ingeniero (1/08/2025) | F9: HT Ingeniero (13/08/2025) | G9: HT Ingeniero (29/08/2025) | H9: Geometria y ecuaciones (12/08/2025) | I9: Evaluar Funciones (19/08/2025) | J9: Dominio Funciones (28/08/2025) | K9: Investigacion T. Polinomios (2/09/2025) | L9: Graficas (2/09/2025) | M9: Representación Polinomios (11/09/2025) | N9: Division de Polinomios (23/09/2025) | O9: Funciones Racionales, Asintotas (9/10/2025) | P9: Funciones Exp, N, Log (16/10/2025) | Q9: Proyecto Final (23/10/2025) | R9: NOTAS FINALES
C10: Puntaje asignado por actividad | D10: 0.5 | E10: 0.5 | F10: 0.5 | G10: 0.5 | H10: 1 | I10: 1 | J10: 1 | K10: 1.5 | L10: 2 | M10: 2 | N10: 2 | O10: 1 | P10: 1.5 | Q10: 5 | R10: =SUM(D10:Q10) -> 20
A11: No. | B11: Registro | C11: Nombres | D11: HT1 | E11: HT2 | F11: HT3 | G11: HT4 | H11: HT1 | I11: HT2 | J11: HT 3 | K11: HT4 | L11: TAREA | M11: HT5 | N11: HT6 | O11: HT7 | P11: HT8 | Q11: PF | R11: NTF
A12: 1 | B12: 202030174 | C12: Pérez Aráuz Bily Bilsen Américo | D12: 0 | E12: 50 | F12: 50 | G12: 0 | H12: 0 | I12: 0 | J12: 0 | K12: 100 | L12: 0 | M12: 0 | N12: 100 | O12: 0 | P12: 0 | Q12: 0
A13: 2 | B13: 202032032 | C13: Macario Xicara Daniel Enrique | D13: 100 | E13: 50 | F13: 50 | G13: 100 | H13: 100 | I13: 100 | J13: 100 | K13: 100 | L13: 80 | M13: 100 | N13: 100 | O13: 100 | P13: 100 | Q13: 100
A14: 3 | B14: 202231116 | C14: Gomez Miranda Ronald Eliu | D14: 100 | E14: 50 | F14: 100 | G14: 0 | H14: 85 | I14: 100 | J14: 100 | K14: 100 | L14: 70 | M14: 0 | N14: 85 | O14: 80 | P14: 0 | Q14: 100
A15: 4 | B15: 202330276 | C15: Sum Agustin Cristian Yair | D15: 0 | E15: 50 | F15: 0 | G15: 0 | H15: 0 | I15: 0 | J15: 0 | K15: 0 | L15: 0 | M15: 0 | N15: 0 | O15: 0 | P15: 0 | Q15: 0
A16: 5 | B16: 202331587 | C16: Norato Batz Gabriel Alexander | D16: 0 | E16: 50 | F16: 100 | G16: 90 | H16: 0 | I16: 50 | J16: 90 | K16: 80 | L16: 75 | M16: 85 | N16: 0 | O16: 100 | P16: 100 | Q16: 100
A17: 6 | B17: 202332049 | C17: Orozco Bautista Cristian Emanuel | D17: 0 | E17: 50 | F17: 0 | G17: 0 | H17: 0 | I17: 0 | J17: 0 | K17: 0 | L17: 0 | M17: 0 | N17: 0 | O17: 0 | P17: 0 | Q17: 0
A18: 7 | B18: 202402553 | C18: Juárez Pinzón Yheshua Hermany | D18: 100 | E18: 50 | F18: 100 | G18: 90 | H18: 60 | I18: 0 | J18: 100 | K18: 100 | L18: 50 | M18: 0 | N18: 65 | O18: 80 | P18: 100 | Q18: 0
A19: 8 | B19: 202430271 | C19: Poncio Chávez Kevin José Moisés | D19: 0 | E19: 100 | F19: 0 | G19: 0 | H19: 100 | I19: 100 | J19: 0 | K19: 0 | L19: 0 | M19: 0 | N19: 70 | O19: 80 | P19: 0 | Q19: 100
A20: 9 | B20: 202430532 | C20: Maldonado Ramírez Leandry Analisse | D20: 100 | E20: 50 | F20: 100 | G20: 100 | H20: 100 | I20: 100 | J20: 100 | K20: 100 | L20: 100 | M20: 65 | N20: 80 | O20: 100 | P20: 100 | Q20: 100
A21: 10 | B21: 202430589 | C21: López Pereira Marcos Gadiel | D21: 0 | E21: 50 | F21: 0 | G21: 100 | H21: 75 | I21: 90 | J21: 100 | K21: 80 | L21: 70 | M21: 0 | N21: 0 | O21: 0 | P21: 0 | Q21: 100
A22: 11 | B22: 202430602 | C22: Osorio Alvarez Lesther Noel | D22: 0 | E22: 50 | F22: 100 | G22: 0 | H22: 60 | I22: 0 | J22: 90 | K22: 100 | L22: 0 | M22: 0 | N22: 30 | O22: 0 | P22: 0 | Q22: 0
A23: 12 | B23: 202430633 | C23: Ventura Ramón Allan Bacilio Guadalupe | D23: 100 | E23: 50 | F23: 100 | G23: 100 | H23: 100 | I23: 100 | J23: 100 | K23: 100 | L23: 50 | M23: 100 | N23: 50 | O23: 0 | P23: 0 | Q23: 100
... A84: 73 | B84: 202030192 | C84: Fredi Horlando Cotom Pérez | D84: 0 | E84: 50 | F84: 50 | G84: 75 | H84: 0 | I84: 100 | J84: 100 | K84: 100 | L84: 100 | M84: 85 | N84: 0 | O84: 0 | P84: 0 | Q84: 0
